Strategy,Flux,Biomass,N_of_deletions,C_limit
"['RNDR4', 'NDPK6', 'PGL']",0.2057415007746191,0.0105633453431763,3,12
"['RNDR4', 'TRPS1', 'NDPK6']",0.205740422783805,0.0105633453431763,3,12
"['RNDR4', 'NDPK6', 'IPDDI']",0.2057413201109879,0.0105633453418196,3,12
"['RNDR4', 'PEPC', 'DCTPD']",0.2057410631162439,0.0105633453431763,3,12
"['RNDR4', 'NDPK6', 'FBA']",0.2057409974728475,0.0105633453406387,3,12
"['RNDR4', 'NDPK6', 'FBA3']",0.205740681186502,0.0105633453418196,3,12
"['RNDR4', 'NDPK6', 'GLUSfx']",0.2057409286070181,0.0105633453431763,3,12
"['RNDR4', 'NADTRHD', 'DCTPD']",0.2057419463231469,0.0105633453431763,3,12
"['ANS', 'NDPK6', 'RNDR4']",0.2057419463236023,0.0105633453418196,3,12
"['RNDR4', 'PGL', 'DCTPD']",0.2057409573822912,0.0105633453431763,3,12
"['RNDR4', 'PGCD', 'DCTPD']",0.2057400540553157,0.0105633453431763,3,12
"['RNDR4', 'FNOR', 'DCTPD']",0.2057405038627702,0.0105633453431763,3,12
"['RNDR4', 'GTHS', 'DCTPD']",0.2057401351314449,0.0105633453431763,3,12
"['RNDR4', 'NADTRHD', 'DCTPD']",0.205740965695847,0.0105633453418196,3,12
"['RNDR4', 'PYK', 'DCTPD']",0.2057410108095303,0.0105633453418196,3,12
"['RNDR4', 'PGL', 'DCTPD']",0.2057405969662651,0.0105633453406387,3,12
"['RNDR4', 'PSP_L', 'DCTPD']",0.2057401351315952,0.0105633453431763,3,12
"['RNDR4', 'FBA3', 'DCTPD']",0.2057400000001558,0.0105633453431763,3,12
"['RNDR4', 'FBA', 'DCTPD']",0.2057409656958293,0.0105633453418196,3,12
"['RNDR4', 'DMPPS_syn', 'DCTPD']",0.2057405038630164,0.0105633453431763,3,12
"['RNDR4', 'DCTPD']",0.2057405832686251,0.0105633453431763,2,12
"['RNDR4', 'PPKr', 'DCTPD']",0.2057412756869471,0.0105633453431763,3,12
"['RNDR4', 'PGCD', 'DCTPD']",0.20574087455508,0.0105633453418196,3,12
"['RNDR4', 'G6PDH2r', 'DCTPD']",0.2057411001911586,0.0105633453431763,3,12
"['RNDR4', 'PYK', 'DCTPD']",0.2057405429998648,0.0105633452973067,3,12
"['RNDR4', 'FBP', 'DCTPD']",0.2057402282276131,0.0105633453418196,3,12
"['RNDR4', 'ACM6PH', 'DCTPD']",0.2057418192263199,0.0105633453406387,3,12
"['RNDR4', 'VPAMTr', 'DCTPD']",0.2057409248422358,0.0105633453418196,3,12
"['RNDR4', 'GLCS3', 'DCTPD']",0.205741379540146,0.0105633453431763,3,12
"['RNDR4', 'GLUSfx', 'DCTPD']",0.2057405832713292,0.0105633453418196,3,12
"['RNDR4', 'DCTPD', 'SPTr', 'MDDCP2pp']",0.2057416305936593,0.0105633453418196,4,12
"['RNDR4', 'DMPPS_syn', 'NADTRHD', 'DCTPD']",0.2057411393711076,0.0105633453418196,4,12
"['RNDR4', 'GLYCK', 'AMPTASECG', 'DCTPD']",0.2057411050063215,0.0105633453431763,4,12
"['RNDR4', 'CAT', 'G6PDH2r', 'DCTPD']",0.205741073170412,0.0105633453431763,4,12
"['RNDR4', 'GLYDHDA', 'ACM6PH', 'DCTPD']",0.2057409248414528,0.0105633453431763,4,12
"['RNDR4', 'DCTPD', 'GLUSfx', 'GAPD']",0.2057413571870155,0.0105633453431763,4,12
"['RNDR4', 'ACGAMK', 'PGCD', 'DCTPD']",0.2057413571931132,0.0105633453431763,4,12
"['RNDR4', 'OPAH', 'PPKr', 'DCTPD']",0.2057413083728045,0.0105633453418196,4,12
"['RNDR4', 'FBA', 'AGDC', 'DCTPD']",0.2057408114910246,0.0105633453431763,4,12
"['RNDR4', 'G6PDH2r', 'FNOR', 'DCTPD']",0.2057412029960111,0.0105633453431763,4,12
"['RNDR4', 'PPA', 'PGCD', 'NDPK6']",0.2057401351320258,0.0105633453431763,4,12
"['RNDR4', 'G6PDH2r', 'TALA', 'DCTPD']",0.2057412231795707,0.0105633453418196,4,12
"['RNDR4', 'AGDC', 'VPAMTr', 'DCTPD']",0.2057409248411613,0.0105633453431763,4,12
"['RNDR4', 'DMPPS_syn', 'FNOR', 'DCTPD']",0.2057410048675566,0.0105633453431763,4,12
"['RNDR4', 'GTHS', 'PSP_L', 'NDPK6']",0.2057405832657201,0.0105633453431763,4,12
"['RNDR4', 'NDPK6', 'AGDC', 'VALTA']",0.2057401351329252,0.0105633453431763,4,12
"['RNDR4', 'PGCD', 'ACM6PH', 'DCTPD']",0.205740950815652,0.0105633453418196,4,12
"['RNDR4', 'NDPK6', 'TALA', 'AMPTASECG']",0.20574,0.0105633453431763,4,12
"['RNDR4', 'PPA', 'PYK', 'DCTPD']",0.2057405579225573,0.0105633453431763,4,12
"['RNDR4', 'DMPPS_syn', 'AGDC', 'NDPK6']",0.2057421767767871,0.0105633453418196,4,12
"['ANS', 'GND', 'DCTPD', 'RNDR4']",0.2057406373394891,0.0105633453333915,4,12
"['RNDR4', 'AGDC', 'AMPTASECG', 'DCTPD']",0.2057404227867555,0.0105633453431763,4,12
"['RNDR4', 'NADTRHD', 'TALA', 'DCTPD']",0.2057413147303985,0.0105633453431763,4,12
"['RNDR4', 'CAT', 'FBP', 'DCTPD']",0.2057405832711597,0.0105633453431763,4,12
"['RNDR4', 'AGDC', 'PSP_L', 'DCTPD']",0.2057405969534258,0.0105633453431763,4,12
"['GLUSfx', 'PSERT', 'DCTPD', 'RNDR4']",0.205740422792475,0.0105633453431763,4,12
"['RNDR4', 'PSERT', 'AGDC', 'DCTPD']",0.2057402282249257,0.0105633453431763,4,12
"['RNDR4', 'SBP', 'IPDPS', 'DCTPD']",0.2057408201474501,0.0105633453431763,4,12
"['ANS', 'DCTPD', 'FNOR', 'RNDR4']",0.2057405969531279,0.0105633453431763,4,12
"['RNDR4', 'DMPPS_syn', 'VPAMTr', 'DCTPD']",0.2057399999998107,0.0105633453431763,4,12
"['GGCLUT2', 'FDH6', 'GART', 'ANHMK', 'PSP_L']",0.2057405969592106,0.0105633453418196,5,12
"['FDH6', 'AGDC', 'GART', 'ORNTAC', 'PSP_L']",0.2057405038628514,0.0105633453431763,5,12
"['FDH6', 'AGDC', 'PGCD', 'GART', 'AMPTASECG']",0.2057405969534668,0.0105633453431763,5,12
"['GLUSfx', 'FDH6', 'AGDC', 'G6PDH2r', 'GART']",0.2057409656905451,0.0105633453418196,5,12
"['GLUSfx', 'FDH6', 'GND', 'GART', 'PSP_L']",0.2057409656902518,0.0105633453418196,5,12
"['PDH', 'FDH6', 'GART', 'FBA3', 'VPAMTr']",0.2057411686377962,0.0105633453418196,5,12
"['FDH6', 'GART', 'FBA3', 'ACGS', 'ACGAMK']",0.2057409884567542,0.0105633453418196,5,12
"['GGCLUT2', 'FDH6', 'AGDC', 'PSERT', 'GART']",0.2057421767825808,0.0105633453418196,5,12
"['HEX7', 'AGTi', 'FDH6', 'GART', 'AMPTASECG']",0.2057411411812197,0.0105633453431763,5,12
"['PSERT', 'AGDC', 'FDH6', 'GART', 'FBA3']",0.2057409884620381,0.0105633453431763,5,12
"['RNDR4', 'NDPK6', 'OPAH', 'GTHRDH']",0.2057413147221179,0.0105633453431763,4,12
"['RNDR4', 'NDPK6', 'GLYCK', 'PEPC']",0.205740596966265,0.0105633453406387,4,12
"['RNDR4', 'NDPK6', 'SBP', 'PGL']",0.2057410188344912,0.0105633453431763,4,12
"['RNDR4', 'NDPK6', 'G6PDH2r', 'FNOR']",0.2057399999994739,0.0105633453431763,4,12
"['RNDR4', 'NDPK6', 'SBP', 'TRDRf']",0.2057409248416321,0.0105633453431763,4,12
"['RNDR4', 'NDPK6', 'PPS', 'PDH']",0.2057407314641229,0.0105633453406387,4,12
"['RNDR4', 'NDPK6', 'GND', 'FNOR']",0.2057405572996775,0.0105633453406387,4,12
"['RNDR4', 'NDPK6', 'TALA', 'ASPO6']",0.2057405572900389,0.0105633453431763,4,12
"['RNDR4', 'NDPK6', 'NADTRHD', 'PFK']",0.2057404227951834,0.0105633453418196,4,12
"['TALA', 'RNDR4', 'NDPK6', 'PDH', 'PGL']",0.2057411001928694,0.0105633453431763,5,12
"['FDH6', 'GART', 'ANHMK', 'FBP', 'IPDPS']",0.2057412189836086,0.0105633453418196,5,12
"['FDH6', 'CAT', 'GART', 'ACGS', 'VPAMTr']",0.2057417762776349,0.0105633453406387,5,12
"['GGCLUT2', 'FDH6', 'GART', 'DMPPS_syn', 'ACGS']",0.2057408697363291,0.0105633453418196,5,12
"['PSERT', 'FDH6', 'GND', 'GART', 'SBP']",0.2057413683615842,0.0105633453418196,5,12
"['FDH6', 'GTHPi', 'GART', 'SBP', 'DMPPS_syn']",0.2057407352299859,0.0105633453431763,5,12
"['GLUSfx', 'PSERT', 'FDH6', 'GART', 'DMPPS_syn']",0.2057413683638489,0.0105633453418196,5,12
"['HEX7', 'FDH6', 'GART', 'ANHMK', 'FUM']",0.2043543880307362,0.0105633453418196,5,12
"['FDH6', 'GND', 'GART', 'PPA', 'DMPPS_syn']",0.205740671330712,0.0105633453431763,5,12
"['FDH6', 'CAT', 'PGCD', 'GART', 'VALTA']",0.2057414272328297,0.0105633453418196,5,12
"['MDDEP4pp', 'GGCLUT2', 'PSERT', 'FDH6', 'GART']",0.2057409497735862,0.0105633453418196,5,12
"['RNDR4', 'ANHMK', 'DCTPD']",0.205741100198231,0.0105633453418196,3,11
"['RNDR4', 'FNOR', 'DCTPD']",0.2057415505650562,0.0105633453418196,3,11
"['RNDR4', 'NDPK6', 'FNOR']",0.2057412935734043,0.0105633453418196,3,11
"['RNDR4', 'NDPK6', 'AMPTASECG']",0.2057408372628601,0.0105633453418196,3,11
"['RNDR4', 'NDPK6', 'ACM6PH']",0.2057401351315952,0.0105633453431763,3,11
"['RNDR4', 'ALAD_L', 'DCTPD']",0.2057405969647451,0.0105633453418196,3,11
"['RNDR4', 'NDPK6', 'TRPS1']",0.2057399999999806,0.0105633453431763,3,11
"['RNDR4', 'PGL', 'DCTPD']",0.2057405457025458,0.0105633453431763,3,11
"['RNDR4', 'ACM6PH', 'DCTPD']",0.2057404144733937,0.0105633453431763,3,11
"['RNDR4', 'ME2', 'DCTPD']",0.2057406850157555,0.0105633453431763,3,11
"['RNDR4', 'FBA', 'DCTPD']",0.2057409685476382,0.0105633453431763,3,11
"['RNDR4', 'NDPK6', 'ACM6PH']",0.2057399999998778,0.0105633453431763,3,11
"['RNDR4', 'PGL', 'DCTPD']",0.2057409248565638,0.0105633453312017,3,11
"['FDH6', 'CAT', 'GART']",0.2057405969594308,0.0105633453418196,3,11
"['RNDR4', 'NDPK6', 'GLUSfx']",0.2057410631079951,0.0105633453431763,3,11
"['RNDR4', 'TALA', 'DCTPD']",0.2057401351315953,0.0105633453431763,3,11
"['RNDR4', 'NDPK6', 'FBA']",0.2057408745604952,0.0105633453418196,3,11
"['RNDR4', 'NDPK6', 'FBA3']",0.2057407352487892,0.0105633453333915,3,11
"['RNDR4', 'PPA', 'DCTPD']",0.2057410108097035,0.0105633453418196,3,11
"['FDH6', 'GART', 'TRPS3']",0.2057406811860449,0.0105633453431763,3,11
"['RNDR4', 'NDPK6']",0.2057401351308712,0.0105633453431763,2,11
"['FDH6', 'GART']",0.2057399999999056,0.0105633453431763,2,11
"['PSERT', 'PGL']",0.1689020688048232,0.0275865747100388,2,11
"['PGL', 'PGCD']",0.1689012109151906,0.0275865747026237,2,11
"['RNDR4', 'NDPK6', 'AGDC']",0.2057401351314283,0.0105633453431763,3,11
"['RNDR4', 'PGL', 'NDPK6']",0.2057401351315957,0.0105633453431763,3,11
"['RNDR4', 'NDPK6', 'MLTGY4pp']",0.2057412545497154,0.0105633453333915,3,11
"['RNDR4', 'NDPK6', 'GTHPi']",0.2057413147330701,0.0105633453418196,3,11
"['RNDR4', 'NDPK6', 'PEPC']",0.2057399999999999,0.0105633453431763,3,11
"['RNDR4', 'NDPK6', 'ANHMK']",0.2057399999999999,0.0105633453431763,3,11
"['PSP_L', 'GND']",0.1689015677526615,0.0275865728836807,2,11
"['PSERT', 'PGL']",0.1689015638242056,0.0275865746990564,2,11
"['PSP_L', 'G6PDH2r']",0.1689002479597939,0.0275865747026492,2,11
"['PSERT', 'G6PDH2r']",0.1689009191105553,0.0275865747026343,2,11
"['PSERT', 'GND']",0.1689002479597826,0.0275865747026593,2,11
"['PSP_L', 'ACGAMK', 'GND']",0.1689017714179412,0.0275865745927483,3,11
"['PPA', 'PYK', 'PSP_L', 'PGL']",0.1689012113640969,0.0275865744952038,4,11
"['NAD_H2', 'PSP_L', 'TALA', 'G6PDH2r']",0.1689023898060577,0.0275865747026163,4,11
"['PSERT', 'PFK', 'IPDDI', 'PGL']",0.168900601023009,0.027586574627815,4,11
"['GLUSfx', 'PSERT', 'PYK', 'G6PDH2r']",0.1689012109152287,0.027586574702622,4,11
"['RNDR4', 'NDPK6', 'ALAD_L', 'GLUSfx']",0.2057405832657089,0.0105633453431763,4,11
"['RNDR4', 'NDPK6', 'ACGAMK', 'VPAMTr']",0.2057400000000044,0.0105633453431763,4,11
"['RNDR4', 'NDPK6', 'GND', 'FBA']",0.2057399999998141,0.0105633453431763,4,11
"['RNDR4', 'NDPK6', 'IPDDI', 'FBA']",0.2057408114879274,0.0105633453431763,4,11
"['RNDR4', 'NDPK6', 'ACM6PH', 'NTPP8']",0.2057400000000621,0.0105633453431763,4,11
"['RNDR4', 'NDPK6', 'GLUSfx', 'IPDPS']",0.2057407352350192,0.0105633453406387,4,11
"['RNDR4', 'NDPK6', 'GLYCK', 'GLUCYS']",0.2057409656884683,0.0105633453418196,4,11
"['RNDR4', 'NDPK6', 'FNOR', 'ALAD_L']",0.2057411193982261,0.0105633453418196,4,11
"['RNDR4', 'NDPK6', 'PSP_L', 'ACM6PH']",0.2057400000000115,0.0105633453431763,4,11
"['RNDR4', 'NDPK6', 'ACGAMK', 'FBA3']",0.2057403687369595,0.0105633453418196,4,11
"['RNDR4', 'NDPK6', 'PGCD', 'G6PDA']",0.2057413571934513,0.0105633453418196,4,11
"['RNDR4', 'NDPK6', 'PGCD', 'FBP']",0.2057405233501097,0.0105633453431763,4,11
"['RNDR4', 'PPA', 'TALA', 'DCTPD']",0.2057419495380769,0.0105633453418196,4,11
"['RNDR4', 'PYK', 'GLYCK', 'NDPK6']",0.205740135157617,0.0105633453312017,4,11
"['RNDR4', 'NDPK6', 'ACGAMK', 'OPAH']",0.2057405969593702,0.0105633453418196,4,11
"['RNDR4', 'FBA', 'DCTPD', 'LDH_D']",0.2057417312324095,0.0105633453418196,4,11
"['RNDR4', 'PPA', 'GLUSfx', 'DCTPD']",0.2057411590676499,0.0105633453431763,4,11
"['RNDR4', 'PGCD', 'FBA3', 'DCTPD']",0.2057407314673812,0.0105633453431763,4,11
"['RNDR4', 'FBA', 'PDH', 'NDPK6']",0.205741426121018,0.0105633453418196,4,11
"['RNDR4', 'TALA', 'ALAD_L', 'DCTPD']",0.2057408142842867,0.0105633453431763,4,11
"['PSERT', 'GART', 'FDH6']",0.2057421344103572,0.0105633452973067,3,11
"['PSERT', 'G6PDH2r', 'ALAD_L']",0.1896122774741046,0.0180166847321519,3,11
"['FDH6', 'GART', 'IPDDI']",0.2057408587665252,0.0105633453431763,3,11
"['FDH6', 'PSP_L', 'GART', 'AMPTASECG']",0.2057414483925642,0.0105633453431763,4,11
"['FDH6', 'AGDC', 'GND', 'GART']",0.2057400000000001,0.0105633453431763,4,11
"['GLUSfx', 'PYK', 'GART', 'FDH6']",0.2057413339269264,0.0105633453431763,4,11
"['ASPO5', 'PYK', 'FDH6', 'GND', 'GART']",0.2057405969590772,0.0105633453418196,5,11
"['FDH6', 'GART', 'ANHMK', 'AMPTASECG', 'PSP_L']",0.2057399999999998,0.0105633453431763,5,11
"['PSERT', 'FDH6', 'GND', 'GART', 'ANHMK']",0.2057422027624617,0.0105633453406387,5,11
"['GLUSfx', 'PYK', 'FDH6', 'GART', 'ANHMK']",0.2057405551919017,0.0105633453431763,5,11
"['RNDR4', 'AGDC', 'SPTr', 'DCTPD']",0.2057407915229578,0.0105633453418196,4,11
"['RNDR4', 'AGDC', 'FBP', 'DCTPD']",0.2057409266552143,0.0105633453418196,4,11
"['RNDR4', 'GLCS3', 'ANHMK', 'DCTPD']",0.2057413233178091,0.0105633453431763,4,11
"['RNDR4', 'ALAD_L', 'FBP', 'DCTPD']",0.2057411888190961,0.0105633453406387,4,11
"['ALAGLUE', 'ACODA', 'RNDR4', 'DCTPD']",0.2057404227889903,0.0105633453431763,4,11
"['FDH6', 'GART', 'FBP', 'TRPS3']",0.2057405579212794,0.0105633453431763,4,11
"['FDH6', 'CAT', 'GART', 'VPAMTr']",0.2057410060509205,0.0105633453431763,4,11
"['RNDR4', 'G6PDH2r', 'ORNTAC', 'FBP', 'DCTPD']",0.2057417753674635,0.0105633453406387,5,11
"['FBA', 'RNDR4', 'PYK', 'G6PDH2r', 'DCTPD']",0.2057409656930525,0.0105633453418196,5,11
"['FBA', 'HEX7', 'RNDR4', 'DCTPD', 'VPAMTr']",0.2057405429051278,0.0105633453431763,5,11
"['RNDR4', 'NDPK6', 'ORNTAC']",0.2057399999998867,0.0105633453431763,3,11
"['RNDR4', 'NDPK6', 'PGL']",0.2057401351315951,0.0105633453431763,3,11
"['RNDR4', 'PPA', 'NDPK6']",0.2057413941300894,0.0105633453431763,3,11
"['FDH6', 'GART', 'VALTA']",0.2057405969534194,0.0105633453431763,3,11
"['RNDR4', 'NDPK6', 'GLUCYS']",0.2057411001880398,0.0105633453431763,3,11
"['RNDR4', 'NDPK6', 'PDH']",0.2057411590647591,0.0105633453418196,3,11
"['RNDR4', 'NDPK6', 'ALAD_L']",0.2057399999998335,0.0105633453431763,3,11
"['RNDR4', 'NDPK6', 'FDH6']",0.2057405832655165,0.0105633453431763,3,11
"['RNDR4', 'NDPK6', 'DMPPS_syn']",0.2057411590645524,0.0105633453431763,3,11
"['GLUSfx', 'RNDR4', 'NDPK6', 'ALAD_L', 'TRDR']",0.2057400000623901,0.0105633453142999,5,11
"['RNDR4', 'NDPK6', 'ACGS']",0.2057409248419642,0.0105633453431763,3,10
"['RNDR4', 'NDPK6', 'FNOR']",0.205741293567169,0.0105633453431763,3,10
"['RNDR4', 'NDPK6', 'FBA']",0.2057411001927911,0.0105633453431763,3,10
"['FDH6', 'GART', 'DMPPS_syn']",0.2057412338584628,0.0105633453418196,3,10
"['RNDR4', 'SBP', 'NDPK6']",0.205740542905829,0.0105633453431763,3,10
"['GLUSfx', 'FDH6', 'GART']",0.2057410689145061,0.0105633453406387,3,10
"['GLUSfx', 'NDPK6', 'RNDR4']",0.2057405969649495,0.0105633453418196,3,10
"['RNDR4', 'NDPK6', 'PSP_L']",0.205739999999936,0.0105633453431763,3,10
"['FDH6', 'AGDC', 'GART']",0.2057404227913017,0.0105633453406387,3,10
"['RNDR4', 'NDPK6', 'PGL']",0.2057408591946977,0.0105633453431763,3,10
"['RNDR4', 'AGDC', 'DCTPD']",0.205741314728215,0.0105633453431763,3,10
"['RNDR4', 'G6PDH2r', 'DCTPD']",0.2057417312291715,0.0105633453431763,3,10
"['RNDR4', 'FBA', 'DCTPD']",0.205740911657688,0.0105633453312017,3,10
"['RNDR4', 'GLYCOR_nadp', 'DCTPD']",0.2057404227838127,0.0105633453431763,3,10
"['RNDR4', 'FNOR', 'DCTPD']",0.2057413571874315,0.0105633453431763,3,10
"['RNDR4', 'TALA', 'DCTPD']",0.20574079152331,0.0105633453418196,3,10
"['RNDR4', 'PSP_L', 'DCTPD']",0.2057412622757518,0.0105633453431763,3,10
"['RNDR4', 'GLUSfx', 'DCTPD']",0.2057409884594306,0.0105633453418196,3,10
"['RNDR4', 'FUM', 'DCTPD']",0.2043545153376939,0.0105633453406387,3,10
"['RNDR4', 'ALAD_L', 'DCTPD']",0.2057414165493217,0.0105633453431763,3,10
"['PEPC', 'GART', 'FDH6']",0.2057410253939264,0.0105633453431763,3,10
"['RNDR4', 'PEPC', 'DCTPD']",0.2057407574374864,0.0105633453431763,3,10
"['RNDR4', 'FBA', 'DCTPD']",0.2057405832656772,0.0105633453431763,3,10
"['GTHPi', 'GART', 'FDH6']",0.2057407362863768,0.0105633453418196,3,10
"['RNDR4', 'AMPTASECG', 'DCTPD']",0.2057414564240951,0.0105633453418196,3,10
"['RNDR4', 'PPA', 'DCTPD']",0.2057410048710227,0.0105633453431763,3,10
"['RNDR4', 'SBP', 'DCTPD']",0.2057409459933979,0.0105633453431763,3,10
"['ALAGLUE', 'DCTPD', 'RNDR4']",0.2057413735986741,0.0105633453431763,3,10
"['RNDR4', 'FBP', 'DCTPD']",0.2057413147248546,0.0105633453431763,3,10
"['FDH6', 'GART', 'PPKr']",0.2057413735937669,0.0105633453431763,3,10
"['RNDR4', 'PPA', 'GLCS3', 'DCTPD']",0.2057409884566109,0.0105633453418196,4,10
"['RNDR4', 'NDPK6', 'ANS', 'FDH6']",0.2057404227867551,0.0105633453431763,4,10
"['RNDR4', 'NDPK6', 'AMPTASECG', 'PPKr']",0.2057399999999999,0.0105633453431763,4,10
"['RNDR4', 'NDPK6', 'GLYCOX2', 'G6PDH2r']",0.2057406797869581,0.0105633453431763,4,10
"['RNDR4', 'NDPK6', 'ACGAMK', 'VPAMTr']",0.2057399999999999,0.0105633453431763,4,10
"['RNDR4', 'TALA', 'GLUSfx', 'DCTPD']",0.2057412935732663,0.0105633453418196,4,10
"['RNDR4', 'NDPK6', 'AGDC', 'AMPTASECG']",0.2057399999997978,0.0105633453431763,4,10
"['RNDR4', 'GLCS3', 'TALA', 'DCTPD']",0.2057405832656801,0.0105633453431763,4,10
"['RNDR4', 'NDPK6', 'AGDC', 'FBA']",0.2057401351314209,0.0105633453431763,4,10
"['RNDR4', 'PGL', 'FNOR', 'NDPK6']",0.2057405832713616,0.0105633453406387,4,10
"['RNDR4', 'NDPK6', 'PPA']",0.2057409248423268,0.0105633453418196,3,10
"['RNDR4', 'G6PDH2r', 'TRDRf', 'DCTPD']",0.2057400540784079,0.0105633453312017,4,10
"['RNDR4', 'ACKr', 'LALGP', 'DCTPD']",0.2057416893312382,0.0105633453431763,4,10
"['RNDR4', 'PYK', 'FNOR', 'NDPK6']",0.2057405832654283,0.0105633453431763,4,10
"['RNDR4', 'NDPK6', 'FNOR', 'PGL']",0.2057421767758885,0.0105633453431763,4,10
"['RNDR4', 'GLYCOX2', 'ACGAMK', 'DCTPD']",0.205740791520688,0.0105633453418196,4,10
"['RNDR4', 'NDPK6', 'PSERT', 'AMPTASECG']",0.2057414372192934,0.0105633453418196,4,10
"['RNDR4', 'NDPK6', 'GND', 'GLUSfx']",0.2057415505692993,0.0105633453406387,4,10
"['RNDR4', 'FBP', 'VALTA', 'DCTPD']",0.2057405969661679,0.0105633453406387,4,10
"['RNDR4', 'TRDR', 'FBP', 'DCTPD']",0.2057413147256701,0.0105633453431763,4,10
"['PSERT', 'G6PDH2r', 'ALAD_L', 'VALTA']",0.1962126321990658,0.0149660747723565,4,10
"['G6PDH2r', 'ALAD_L', 'PGCD', 'VALTA']",0.1962143365805749,0.0149660747723492,4,10
"['PSP_L', 'ALAD_L', 'G6PDH2r', 'VALTA']",0.1962149479455449,0.0149660747723565,4,10
"['GND', 'ALAD_L', 'PGCD', 'VALTA']",0.1962142225989222,0.0149660747723656,4,10
"['PSERT', 'GND', 'ALAD_L', 'VALTA']",0.196214233284712,0.014966074772356,4,10
"['PSP_L', 'ALAD_L', 'VALTA', 'GND']",0.1962139424930073,0.0149660747723747,4,10
"['AGDC', 'PSP_L', 'ALAD_L', 'GND']",0.1896125745351772,0.0180166847321643,4,10
"['G6PDH2r', 'ALAD_L', 'PGCD', 'GND']",0.1896111833268024,0.0180166847321721,4,10
"['PSP_L', 'ALAD_L', 'G6PDH2r', 'VPAMTr']",0.1896123008197126,0.0180166847321582,4,10
"['AGDC', 'GND', 'ALAD_L', 'PGCD']",0.1896113421007942,0.0180166847321926,4,10
"['RNDR4', 'ME2', 'ALAD_L', 'DCTPD']",0.2057411001932342,0.0105633453418196,4,10
"['RNDR4', 'PGL', 'AGTi', 'NDPK6']",0.2057399999999982,0.0105633453431763,4,10
"['RNDR4', 'PEPC', 'PYK', 'NDPK6']",0.2057409656975577,0.0105633453406387,4,10
"['RNDR4', 'PYK', 'G6PDH2r', 'DCTPD']",0.2057404227969262,0.0105633453406387,4,10
"['RNDR4', 'ME2', 'AGDC', 'NDPK6']",0.2057412819744214,0.0105633453418196,4,10
"['RNDR4', 'PPA', 'AGDC', 'DCTPD']",0.2057416993873267,0.0105633453418196,4,10
"['RNDR4', 'PGL', 'PGCD', 'DCTPD']",0.2057419834054653,0.0105633453431763,4,10
"['RNDR4', 'PSERT', 'FBA3', 'NDPK6']",0.2057410611524456,0.0105633453431763,4,10
"['TALA', 'RNDR4', 'LALGP', 'GND', 'DCTPD']",0.2057423913161322,0.0105633453431763,5,10
"['ME2', 'RNDR4', 'NDPK6', 'LALGP', 'AMPTASECG']",0.2057415505599056,0.0105633453431763,5,10
"['G6PDH2r', 'ALAD_L', 'PGCD', 'VALTA']",0.1962121097835723,0.0149660747722225,4,10
"['PSP_L', 'ALAD_L', 'VALTA', 'GND']",0.1962141160345998,0.0149660747739218,4,10
"['PSERT', 'G6PDH2r', 'ALAD_L', 'VALTA']",0.1962129555427741,0.0149660747723565,4,10
"['PSP_L', 'ALAD_L', 'G6PDH2r', 'VALTA']",0.1962149566462308,0.0149660747752254,4,10
"['PSERT', 'GND', 'GART', 'VALTA', 'ALAD_L']",0.1963128272139966,0.0149202510984627,5,10
"['GND', 'PGCD', 'GART', 'VALTA', 'ALAD_L']",0.1963123373930887,0.0149202510880468,5,10
"['GND', 'GART', 'VALTA', 'PSP_L', 'ALAD_L']",0.1963126401936193,0.0149202510984643,5,10
"['G6PDH2r', 'GART', 'VALTA', 'PSP_L', 'ALAD_L']",0.1963119914350576,0.0149202498254167,5,10
"['PSERT', 'G6PDH2r', 'GART', 'VALTA', 'ALAD_L']",0.1963118852073858,0.0149202510984536,5,10
"['G6PDH2r', 'PGCD', 'GART', 'VALTA', 'ALAD_L']",0.1963126172119085,0.014920251098473,5,10
"['RNDR4', 'ACODA', 'GAPD', 'NDPK6']",0.2057407574355959,0.0105633453431763,4,10
"['RNDR4', 'SBP', 'IPDPS', 'NDPK6']",0.2057413683817431,0.0105633453312017,4,10
"['RNDR4', 'PGCD', 'FBP', 'DCTPD']",0.2057410596898871,0.0105633453418196,4,10
"['RNDR4', 'GTHS', 'LALGP', 'DCTPD', 'VPAMTr']",0.2057400000003672,0.0105633453431763,5,10
"['GLUSfx', 'RNDR4', 'NDPK6', 'PGCD', 'PSP_L']",0.2057407766512782,0.0105633453418196,5,10
"['RNDR4', 'GTHS', 'IPDDI', 'DCTPD', 'PSP_L']",0.2057410336341921,0.0105633453431763,5,10
"['RNDR4', 'AGDC', 'DCTPD', 'NADTRHD', 'VPAMTr']",0.2057409308366237,0.0105633453431763,5,10
"['RNDR4', 'PYK', 'GLYDHDA', 'SBP', 'DCTPD']",0.2057399999999231,0.0105633453431763,5,10
"['FBA', 'RNDR4', 'NDPK6', 'AGDC', 'PSP_L']",0.2057409116434989,0.0105633453418196,5,10
"['TALA', 'IPDPS', 'RNDR4', 'ADPGDP', 'DCTPD']",0.2057411255408875,0.0105633453431763,5,10
"['RNDR4', 'NDPK6', 'NADTRHD']",0.205740790335179,0.0105633453406387,3,9
"['RNDR4', 'NDPK6', 'AGDC']",0.2057401351314285,0.0105633453431763,3,9
"['RNDR4', 'PPA', 'NDPK6']",0.2057404227908388,0.0105633453406387,3,9
"['RNDR4', 'AGDC', 'DCTPD']",0.205740351132347,0.0105633453431763,3,9
"['RNDR4', 'G6PDH2r', 'DCTPD']",0.2057412338608,0.0105633453431763,3,9
"['RNDR4', 'NADTRHD', 'DCTPD']",0.2057403627313602,0.0105633453418196,3,9
"['RNDR4', 'DCTPD', 'TRDR']",0.205740135131575,0.0105633453431763,3,9
"['RNDR4', 'AMPTASECG', 'DCTPD']",0.2057399999999736,0.0105633453431763,3,9
"['RNDR4', 'NDPK6', 'TRDRf']",0.2057412279280656,0.0105633453418196,3,9
"['RNDR4', 'NDPK6', 'PGCD']",0.2057404227894657,0.0105633453418196,3,9
"['RNDR4', 'DCTPD']",0.2057417852848243,0.0105633453418196,2,9
"['PSP_L', 'GND']",0.1689037321085965,0.0275865747021006,2,9
"['PGL', 'PSP_L']",0.1689017159147813,0.0275865747048797,2,9
"['PSERT', 'PGL']",0.1689006008359717,0.0275865747141893,2,9
"['PSP_L', 'G6PDH2r']",0.1689006008610985,0.0275865747026328,2,9
"['PSERT', 'G6PDH2r']",0.1689002479598325,0.0275865747026284,2,9
"['G6PDH2r', 'PGCD']",0.1689002479537764,0.0275865747054355,2,9
"['PSERT', 'GND']",0.168900247959895,0.0275865747026105,2,9
"['GND', 'PGCD']",0.1689012109171352,0.0275865747017432,2,9
"['PGL', 'PGCD']",0.1689002479598513,0.0275865747026246,2,9
"['FDH6', 'PYK', 'GART']",0.2057405969601984,0.0105633453418196,3,9
"['FDH6', 'GART', 'VALTA']",0.2057405070075386,0.0105633453431763,3,9
"['GND', 'GART', 'PGCD']",0.1692384835884912,0.0274312824626615,3,9
"['FDH6', 'CAT', 'GART']",0.2057416893327474,0.0105633453406387,3,9
"['PSERT', 'GND', 'GART']",0.1692377735882789,0.0274312824673034,3,9
"['PSERT', 'G6PDH2r', 'GART']",0.1692368160637909,0.0274312824626226,3,9
"['PPA', 'PGCD', 'GART', 'FDH6']",0.2057412935874785,0.0105633453333915,4,9
"['GLUSfx', 'FDH6', 'PGCD', 'GART']",0.2057400000000955,0.0105633453431763,4,9
"['FDH6', 'PSP_L', 'GART', 'TRDR']",0.205741630597889,0.0105633453406387,4,9
"['FDH6', 'AMPTASECG', 'GART', 'PGCD']",0.2057403687385788,0.0105633453406387,4,9
"['PEPC', 'GART', 'FDH6', 'FBA']",0.2057411633189388,0.0105633453431763,4,9
"['FDH6', 'AGDC', 'NADTRHD', 'GART']",0.2057399999995959,0.0105633453431763,4,9
"['PSERT', 'GART', 'FDH6', 'FBA']",0.2057399999999087,0.0105633453431763,4,9
"['FDH6', 'NADTRHD', 'GART', 'FBA3']",0.2057400000018872,0.0105633453431763,4,9
"['VPAMTr', 'PSERT', 'GART', 'FDH6']",0.2057407628130362,0.0105633453431763,4,9
"['PEPC', 'PGCD', 'GART', 'FDH6']",0.2057423913141611,0.0105633453431763,4,9
"['PPA', 'GART', 'FDH6', 'PGL']",0.2057405621054764,0.0105633453431763,4,9
"['PSERT', 'ACGAMK', 'GART', 'FDH6']",0.2057411001981831,0.0105633453431763,4,9
"['PEPC', 'HEX7', 'GART', 'FDH6']",0.2057407362838905,0.0105633453431763,4,9
"['GLCS3', 'SBP', 'GART', 'FDH6']",0.205740736281112,0.0105633453418196,4,9
"['PYK', 'AGDC', 'GART', 'FDH6']",0.2057401351315952,0.0105633453431763,4,9
"['GLCS3', 'ACGAMK', 'GART', 'FDH6']",0.2057417312507485,0.0105633453312017,4,9
"['FDH6', 'GART', 'PGCD', 'AMPTASECG']",0.2057411686321357,0.0105633453418196,4,9
"['SBP', 'NADTRHD', 'GART', 'FDH6']",0.2057407754523776,0.0105633453431763,4,9
"['FDH6', 'GND', 'TALA', 'GART']",0.2057411909852445,0.0105633453418196,4,9
"['PEPC', 'GART', 'TRDRf', 'FDH6']",0.2057405832656764,0.0105633453431763,4,9
"['RNDR4', 'PEPC', 'DCTPD']",0.2057412935675262,0.0105633453418196,3,9
"['RNDR4', 'FNOR', 'DCTPD']",0.2057411001964859,0.0105633453431763,3,9
"['RNDR4', 'DCTPD2', 'PSP_L', 'DCTPD']",0.2057405969647001,0.0105633453418196,4,9
"['RNDR4', 'PEPC', 'AMPTASECG', 'DCTPD']",0.2057413576820721,0.0105633453418196,4,9
"['RNDR4', 'PGL', 'FNOR', 'DCTPD']",0.2057411001969187,0.0105633453431763,4,9
"['RNDR4', 'PPA', 'TALA', 'DCTPD']",0.2057413147328686,0.0105633453418196,4,9
"['RNDR4', 'GND', 'ACGAMK', 'DCTPD']",0.205741314747871,0.0105633453333915,4,9
"['RNDR4', 'ME2', 'CAT', 'DCTPD']",0.2057403687312655,0.0105633453431763,4,9
"['RNDR4', 'AGTi', 'TALA', 'DCTPD']",0.2057399999997175,0.0105633453431763,4,9
"['RNDR4', 'PSP_L', 'FBP', 'DCTPD']",0.2057411001964559,0.0105633453431763,4,9
"['RNDR4', 'NDPK6', 'AGDC', 'GND']",0.2057413233223444,0.0105633453431763,4,9
"['RNDR4', 'NDPK6', 'LALGP', 'PYK']",0.2057409043099666,0.0105633453431763,4,9
"['RNDR4', 'NDPK6', 'SBP', 'TRPS2']",0.2057409656953924,0.0105633453431763,4,9
"['RNDR4', 'SBP', 'GLUSfx', 'DCTPD']",0.205741134767816,0.0105633453418196,4,9
"['RNDR4', 'PEPC', 'NADTRHD', 'DCTPD']",0.2057399999999993,0.0105633453431763,4,9
"['PDH', 'NDPK6', 'FNOR', 'RNDR4']",0.2057403687310166,0.0105633453431763,4,9
"['RNDR4', 'ACODA', 'PGCD', 'DCTPD']",0.2057418359859477,0.0105633453418196,4,9
"['RNDR4', 'PSERT', 'VPAMTr', 'NDPK6']",0.205741263051535,0.0105633453406387,4,9
"['RNDR4', 'NDPK6', 'VPAMTr', 'PPA']",0.2057414033484043,0.0105633453431763,4,9
"['RNDR4', 'DMPPS_syn', 'ACGS', 'DCTPD']",0.2057411802275147,0.0105633453431763,4,9
"['AGTi', 'FDH6', 'G6PDH2r', 'GART', 'FBP']",0.2057403124495558,0.0105633453431763,5,9
"['HEX7', 'FDH6', 'LALGP', 'GND', 'GART']",0.2057403973040065,0.0105633453406387,5,9
"['FDH6', 'PYK', 'GART', 'TRDRf', 'NADTRHD']",0.2057411686321596,0.0105633453418196,5,9
"['PEPC', 'FDH6', 'GART', 'PGCD', 'AMPTASECG']",0.2057413441228683,0.0105633453431763,5,9
"['ME2', 'FDH6', 'GART', 'FBA3', 'IPDPS']",0.2057408697377581,0.0105633453418196,5,9
"['PSERT', 'LALGP', 'GND', 'GART', 'FDH6']",0.2057412545307931,0.0105633453418196,5,9
"['FDH6', 'G6PDH2r', 'GART', 'VALTA', 'TRDR']",0.2057399999998611,0.0105633453431763,5,9
"['FDH6', 'ADPGDP', 'GART', 'FBA3', 'NADTRHD']",0.2057411802277785,0.0105633453431763,5,9
"['PSERT', 'FDH6', 'GART', 'AMPTASECG', 'ACGAMK']",0.2057412226888308,0.0105633453418196,5,9
"['LDH_D', 'FDH6', 'GART', 'SBP', 'PSP_L']",0.2057412935705113,0.0105633453418196,5,9
"['GLUSfx', 'DMPPS_syn', 'GART', 'FDH6']",0.2057405969595982,0.0105633453418196,4,9
"['RNDR4', 'DMPPS_syn', 'ORNTAC', 'NDPK6']",0.205740736280788,0.0105633453431763,4,9
"['RNDR4', 'NDPK6', 'TALA', 'FNOR']",0.2057412450317355,0.0105633453431763,4,9
"['RNDR4', 'NDPK6', 'AGDC', 'FNOR']",0.2057407314679318,0.0105633453418196,4,9
"['RNDR4', 'FBA', 'FNOR', 'NDPK6']",0.2057400000000333,0.0105633453431763,4,9
"['RNDR4', 'NDPK6', 'PSERT', 'ORNTAC', 'DMPPS_syn']",0.2057405572990462,0.0105633453418196,5,9
"['TALA', 'AGTi', 'RNDR4', 'NDPK6', 'GART']",0.2057403687311748,0.0105633453431763,5,9
"['GLCS3', 'RNDR4', 'GTHS', 'ACODA', 'NDPK6']",0.2057422027582514,0.0105633453431763,5,9
"['RNDR4', 'GTHS', 'NDPK6', 'FBP', 'FNOR']",0.2057417852991413,0.0105633453333915,5,9
"['GLCS3', 'RNDR4', 'NDPK6', 'GND', 'FNOR']",0.2057406797841068,0.0105633453418196,5,9
